ts,server_cpu_pct,server_mem_mib,server_fds,postgres_mem_mib,postgres_connections,broker_mem_mib,broker_disk_mib,outbox_rows,ledger_rows,usage_rows,gc_last_pause_ms,gc_lines
2026-09-02T15:06:33Z,6.30,124.4,155,51.01,11,50.52,1,0,0,0,25
2026-09-02T15:06:50Z,92.79,141.2,160,53.23,11,50.65,1,10,20,0,28
2026-09-02T15:07:06Z,17.81,146.1,176,53.53,11,51.04,1,10,20,0,30
2026-09-02T15:07:23Z,85.53,161.6,205,60.53,11,51.22,1,13,623,0,48
2026-09-02T15:07:39Z,7.50,165.5,154,60.89,11,51.08,1,13,623,0,48
2026-09-02T15:07:56Z,1.72,163.4,155,60.95,11,51.26,1,13,623,0,48
2026-09-02T15:08:12Z,8.36,178.7,154,61.1,11,51.35,1,13,623,0,48
2026-09-02T15:08:29Z,1.10,175.3,155,61.21,11,52.18,1,13,623,0,48
2026-09-02T15:08:46Z,0.76,175.8,154,61.68,11,51.51,1,14,636,0,49
2026-09-02T15:09:02Z,7.63,175.8,155,61.75,11,51.61,1,14,636,0,49
2026-09-02T15:09:19Z,98.46,188.6,154,64.46,11,52.61,1,77,1299,9,67
2026-09-02T15:09:35Z,0.75,188.9,154,64.41,11,52.38,1,77,1299,9,67
2026-09-02T15:09:52Z,6.51,188.8,155,64.46,11,52.66,1,77,1299,9,68
2026-09-02T15:10:08Z,3.46,189.2,154,64.72,11,52.57,1,77,1299,9,68
2026-09-02T15:10:25Z,0.64,184.6,155,64.92,11,53.66,1,77,1299,9,68
2026-09-02T15:10:41Z,0.68,184.6,154,65.13,11,55.11,1,77,1299,9,68
2026-09-02T15:10:58Z,7.18,184.3,155,65.38,11,58.13,1,137,1389,99,72
2026-09-02T15:11:14Z,0.82,186.1,155,66.7,11,58.21,1,137,1389,99,74
2026-09-02T15:11:31Z,16.21,188.1,205,67.68,11,58.57,1,197,1479,189,81
2026-09-02T15:11:47Z,17.10,189.5,205,68.07,11,58.91,1,197,1479,189,88
2026-09-02T15:12:04Z,29.45,192,205,68.18,11,58.89,1,207,1489,189,95
2026-09-02T15:12:20Z,9.16,194.2,204,68.27,11,59.43,1,227,1509,189,101
2026-09-02T15:12:37Z,12.11,194.7,205,68.34,11,59.29,1,227,1509,189,107
2026-09-02T15:12:54Z,28.59,195,205,68.51,11,59.58,1,267,1549,189,114
2026-09-02T15:13:10Z,0.95,195.6,155,68.98,11,59.51,1,327,1639,279,121
2026-09-02T15:13:27Z,17.68,200.6,255,69.5,11,59.82,1,327,1639,279,132
2026-09-02T15:13:43Z,25.68,203,256,69.3,11,59.97,1,327,1639,279,143
2026-09-02T15:14:00Z,16.11,205.3,255,69.43,11,59.96,1,331,1643,279,155
2026-09-02T15:14:16Z,13.43,206.5,255,69.5,11,60.13,1,331,1643,279,166
2026-09-02T15:14:33Z,16.22,208,255,69.5,11,60.28,1,331,1643,279,177
2026-09-02T15:14:49Z,5.35,209.3,155,69.2,11,60.06,2,331,1643,279,184
2026-09-02T15:15:06Z,32.68,214.5,355,70.03,11,60.14,2,391,1733,369,201
2026-09-02T15:15:23Z,22.01,226.7,356,70.48,11,60.65,2,391,1733,369,221
2026-09-02T15:15:39Z,32.96,238.1,356,70.47,11,60.63,2,391,1733,369,242
2026-09-02T15:15:56Z,23.01,249,354,70.21,11,61.16,2,391,1733,369,263
2026-09-02T15:16:12Z,22.27,260.2,355,70.28,11,62.66,2,391,1733,369,283
2026-09-02T15:16:29Z,37.36,272.5,355,70.17,11,62.74,2,391,1733,369,300
2026-09-02T15:16:46Z,0.56,274.8,155,71.05,11,62.79,2,451,1823,459,313
2026-09-02T15:17:02Z,44.85,296.5,356,70.98,11,65.27,2,451,1823,459,351
2026-09-02T15:17:19Z,41.17,320.2,355,71.1,11,65.41,2,451,1823,459,389
2026-09-02T15:17:35Z,36.27,343,354,71.08,11,65.62,3,451,1823,459,428
2026-09-02T15:17:52Z,36.80,410.2,354,71.06,11,65.72,3,451,1823,459,435
2026-09-02T15:18:09Z,38.99,410.8,354,70.93,11,66.02,3,451,1823,459,440
2026-09-02T15:18:25Z,10.84,409.8,155,71.25,11,66.04,3,451,1823,459,442
2026-09-02T15:18:42Z,50.99,415.4,356,71.98,11,65.95,3,511,1913,549,449
2026-09-02T15:18:58Z,58.48,415.3,355,71.84,11,66.2,3,511,1913,549,459
2026-09-02T15:19:15Z,63.12,415.5,355,72.09,11,66.62,3,511,1913,549,468
2026-09-02T15:19:32Z,55.27,415.4,355,72.18,11,66.8,4,511,1913,549,478
2026-09-02T15:19:49Z,51.09,415.4,354,72,11,69.51,4,511,1913,549,487
2026-09-02T15:20:05Z,68.75,415.7,354,75.57,11,69.89,4,511,1913,549,495
2026-09-02T15:20:22Z,33.28,414.9,156,74.9,11,69.53,4,571,2003,639,496
2026-09-02T15:20:38Z,6.28,415.3,206,72.73,11,70.04,4,571,2003,639,497
2026-09-02T15:20:55Z,20.19,415.2,205,72.71,11,70.11,4,571,2003,639,499
2026-09-02T15:21:11Z,6.02,413.5,204,72.65,11,70.54,5,571,2003,639,500
2026-09-02T15:21:28Z,5.81,413.4,205,72.55,11,70.33,5,571,2003,639,501
2026-09-02T15:21:45Z,14.63,413.8,204,72.61,11,70.95,5,571,2003,639,503
2026-09-02T15:22:01Z,8.13,413.8,155,72.73,11,71.03,5,571,2003,639,504
2026-09-02T15:22:18Z,13.43,414.2,255,72.72,11,71.44,5,631,2093,729,506
2026-09-02T15:22:34Z,12.17,414.5,255,73.05,11,71.48,6,631,2093,729,508
2026-09-02T15:22:51Z,33.85,414.5,256,72.97,11,71.64,6,631,2093,729,510
2026-09-02T15:23:07Z,20.31,414.4,254,76.14,11,71.9,6,631,2093,729,512
2026-09-02T15:23:24Z,10.49,414.5,254,72.99,11,91.37,6,631,2093,729,514
2026-09-02T15:23:41Z,28.88,414.2,155,73.17,11,72.29,6,631,2093,729,516
2026-09-02T15:23:57Z,54.50,414.6,155,73.24,11,72.72,7,691,2183,819,518
2026-09-02T15:24:14Z,24.65,415.8,355,73.21,11,73.06,7,691,2183,819,521
2026-09-02T15:24:30Z,28.55,415.8,356,73.34,11,73.38,7,691,2183,819,524
2026-09-02T15:24:47Z,30.90,415.8,354,76.36,11,73.19,7,691,2183,819,528
2026-09-02T15:25:04Z,27.48,415.7,354,73.44,11,73.6,8,691,2183,819,531
2026-09-02T15:25:20Z,24.14,415.7,355,73.29,11,73.71,8,691,2183,819,534
2026-09-02T15:25:37Z,17.68,418.9,154,73.45,11,74.36,8,691,2183,819,536
2026-09-02T15:25:53Z,38.09,420.5,355,73.73,11,74.48,8,751,2273,909,541
2026-09-02T15:26:10Z,37.44,420.9,355,73.77,11,74.74,9,751,2273,909,546
2026-09-02T15:26:27Z,50.66,420.8,356,73.8,11,74.78,9,751,2273,909,552
2026-09-02T15:26:43Z,33.63,422.3,355,73.66,11,75.53,9,751,2273,909,557
2026-09-02T15:27:00Z,37.95,420.2,354,73.7,11,75.9,9,751,2273,909,563
2026-09-02T15:27:17Z,25.54,421.7,155,73.61,11,76.11,10,751,2273,909,567
2026-09-02T15:27:33Z,57.19,422.1,356,74.08,11,76.24,10,811,2363,999,572
2026-09-02T15:27:50Z,56.27,422.9,356,74.04,11,76.57,10,811,2363,999,582
2026-09-02T15:28:07Z,63.14,422.8,356,74.19,11,76.51,10,811,2363,999,592
2026-09-02T15:28:23Z,56.69,422.7,354,77.55,11,77.25,11,811,2363,999,602
2026-09-02T15:28:40Z,51.40,423,354,75.32,11,77.42,11,811,2363,999,612
2026-09-02T15:28:57Z,62.09,422.9,355,76.43,11,77.8,11,811,2363,999,622
2026-09-02T15:29:13Z,10.95,423.2,154,75.07,11,77.92,12,811,2363,999,624
2026-09-02T15:29:30Z,6.25,423.9,206,73.29,11,78.29,12,871,2453,1089,627
2026-09-02T15:29:46Z,9.97,423.6,205,71.36,11,78.83,12,871,2453,1089,629
2026-09-02T15:30:03Z,33.41,419.7,205,71.12,11,78.98,12,871,2453,1089,631
2026-09-02T15:30:20Z,5.79,419.5,205,71.43,11,79.38,13,871,2453,1089,633
2026-09-02T15:30:36Z,7.62,419.6,205,73.01,11,79.66,13,871,2453,1089,634
2026-09-02T15:30:53Z,27.14,419.9,154,71.34,11,79.86,13,871,2453,1089,636
2026-09-02T15:31:09Z,14.69,420.6,256,71.71,11,80.39,14,931,2543,1179,639
2026-09-02T15:31:26Z,11.28,421,255,71.77,11,80.74,14,931,2543,1179,641
2026-09-02T15:31:42Z,28.15,420.9,255,71.95,11,81.07,14,931,2543,1179,644
2026-09-02T15:31:59Z,29.48,420.8,255,71.66,11,81.3,15,931,2543,1179,647
2026-09-02T15:32:16Z,11.42,420.6,255,70.02,11,81.68,15,931,2543,1179,649
2026-09-02T15:32:32Z,16.36,420.5,255,69.82,11,81.92,15,931,2543,1179,652
2026-09-02T15:32:49Z,28.59,420.9,155,69.9,11,82.18,16,953,2580,1218,653
2026-09-02T15:33:06Z,22.06,422,356,66.29,11,82.66,16,991,2633,1269,657
2026-09-02T15:33:22Z,21.08,421.9,355,67.93,11,82.74,16,991,2633,1269,661
2026-09-02T15:33:39Z,40.81,421.3,356,64.68,11,83.63,17,991,2633,1269,665
2026-09-02T15:33:55Z,21.93,423.1,355,67.02,11,83.93,17,991,2633,1269,669
2026-09-02T15:34:12Z,21.98,421.5,355,62.87,11,84.42,17,991,2633,1269,673
2026-09-02T15:34:29Z,26.06,421.9,155,60.82,11,84.59,18,991,2633,1269,675
2026-09-02T15:34:45Z,47.91,422.9,356,62.37,11,85.22,18,1051,2723,1359,680
2026-09-02T15:35:02Z,33.26,422.9,356,63.5,11,85.46,19,1051,2723,1359,686
2026-09-02T15:35:19Z,47.12,423.2,356,60.29,11,86.11,19,1051,2723,1359,692
2026-09-02T15:35:35Z,46.74,422.8,354,60.68,11,86.28,19,1051,2723,1359,699
2026-09-02T15:35:52Z,52.67,422.6,355,62.19,11,86.77,20,1051,2723,1359,705
2026-09-02T15:36:08Z,41.75,422.7,355,62.59,11,87.1,20,1051,2723,1359,710
2026-09-02T15:36:25Z,26.80,421.9,155,62.23,11,87.73,21,1111,2813,1449,713
2026-09-02T15:36:42Z,57.67,423,356,67.28,11,87.81,21,1111,2813,1449,724
2026-09-02T15:36:59Z,61.24,422.8,356,67.65,11,88.53,21,1111,2813,1449,734
2026-09-02T15:37:15Z,66.65,422.9,355,67.64,11,89.03,22,1111,2813,1449,745
2026-09-02T15:37:32Z,58.45,423.1,355,67.86,11,89.17,22,1111,2813,1449,756
2026-09-02T15:37:49Z,52.06,423,355,68.57,11,89.65,23,1111,2813,1449,767
2026-09-02T15:38:05Z,11.60,422.3,155,68.65,11,90.15,23,1111,2813,1449,772
2026-09-02T15:38:22Z,14.66,421.9,154,68.54,11,90.46,23,1111,2813,1449,774
2026-09-02T15:38:38Z,0.68,422.2,155,68.58,11,91.25,24,1111,2813,1449,775
2026-09-02T15:38:55Z,24.11,422.1,155,68.41,11,91.65,24,1111,2813,1449,777
2026-09-02T15:39:11Z,27.04,420.2,155,68.68,11,91.75,25,1111,2813,1449,779
2026-09-02T15:39:28Z,0.72,420,154,68.68,11,92.5,25,1111,2813,1449,781
2026-09-02T15:39:44Z,2.66,420.2,155,68.61,11,92.5,25,1111,2813,1449,783
2026-09-02T15:40:01Z,28.13,420.1,155,68.49,11,93.14,26,1111,2813,1449,785
