ts,server_cpu_pct,server_mem_mib,server_fds,postgres_cpu_pct,postgres_mem_mib,postgres_connections,broker_cpu_pct,broker_mem_mib,broker_disk_mib,outbox_rows,ledger_rows,usage_rows,gc_last_pause_ms,gc_lines
2026-09-02T15:40:13Z,0.47,420.1,155,34.28,68.96,11,0.11,93.64,26,1111,2813,1449,786
2026-09-02T15:40:30Z,87.40,423.1,356,52.97,70.5,11,0.05,94.18,27,1171,2903,1539,796
2026-09-02T15:40:47Z,89.74,425.2,355,35.15,70.95,11,0.01,94.29,27,1171,2903,1539,817
2026-09-02T15:41:04Z,80.03,425.2,356,52.88,70.93,11,0.01,94.77,28,1171,2903,1539,837
2026-09-02T15:41:21Z,91.90,425.5,355,50.10,70.61,11,0.36,95.18,28,1171,2903,1539,857
2026-09-02T15:41:42Z,87.09,425.7,355,55.53,70.62,11,0.04,95.7,29,1171,2903,1539,5.595,883
2026-09-02T15:41:59Z,86.89,424.7,154,38.73,70.8,11,0.13,96.62,29,1171,2903,1539,4.801,897
2026-09-02T15:42:16Z,69.22,426.6,356,59.14,71.4,11,0.01,96.55,29,1231,2993,1629,7.885,908
2026-09-02T15:42:34Z,89.94,428.3,356,54.75,71.57,11,0.01,97.29,30,1231,2993,1629,6.619,941
2026-09-02T15:42:51Z,98.73,429.1,356,64.20,71.28,11,0.01,97.49,30,1231,2993,1629,9.366,976
2026-09-02T15:43:08Z,101.22,428.6,355,59.96,71.43,11,0.04,97.92,31,1231,2993,1629,9.053,1010
2026-09-02T15:43:27Z,99.48,428.7,355,61.65,71.52,11,0.02,98.7,31,1231,2993,1629,9.276,1045
2026-09-02T15:43:45Z,97.51,428.7,355,40.94,71.25,11,0.02,98.78,32,1231,2993,1629,5.951,1070
2026-09-02T15:44:02Z,31.27,427.6,156,54.33,73.03,11,0.01,99.32,32,1291,3083,1719,8.450,1078
2026-09-02T15:44:19Z,88.67,429.9,356,58.56,72.17,11,0.07,99.89,33,1291,3083,1719,8.764,1100
2026-09-02T15:44:36Z,95.63,429.9,356,57.20,72.12,11,0.01,101.3,33,1291,3083,1719,6.793,1122
2026-09-02T15:44:53Z,93.76,429.8,355,55.61,72.44,11,0.31,102.1,34,1291,3083,1719,8.956,1143
2026-09-02T15:45:10Z,94.93,429.7,355,51.42,72.38,11,0.01,102.7,34,1291,3083,1719,5.550,1165
2026-09-02T15:45:28Z,85.12,429.9,355,56.72,72.41,11,0.33,103.3,35,1291,3083,1719,7.968,1187
2026-09-02T15:45:45Z,28.63,429.1,154,15.07,72.4,11,0.17,103.9,35,1315,3122,1761,3.355,1191
2026-09-02T15:46:02Z,98.18,432.5,356,63.20,73.46,11,0.54,104.3,35,1351,3173,1809,31.232,1222
2026-09-02T15:46:19Z,100.45,430.4,356,59.46,73.55,11,0.01,104.5,36,1351,3173,1809,6.427,1257
2026-09-02T15:46:37Z,95.26,430.1,355,61.01,73.4,11,0.01,104.8,36,1351,3173,1809,8.817,1291
2026-09-02T15:46:55Z,97.08,430.3,355,54.30,73.38,11,0.01,105.5,37,1351,3173,1809,23.707,1325
2026-09-02T15:47:13Z,89.86,430.2,355,52.30,73.54,11,0.02,105.9,37,1351,3173,1809,9.113,1358
2026-09-02T15:47:30Z,26.46,429.4,155,39.13,73.57,11,0.01,106.4,38,1351,3173,1809,4.838,1365
2026-09-02T15:47:47Z,95.79,430.4,356,46.01,73.68,11,0.89,107.6,38,1411,3263,1899,11.878,1385
2026-09-02T15:48:04Z,90.24,430.2,355,53.54,73.95,11,0.01,107.7,39,1411,3263,1899,5.884,1406
2026-09-02T15:48:21Z,88.12,430.3,355,52.04,74,11,0.01,108.3,39,1411,3263,1899,8.764,1428
2026-09-02T15:48:39Z,92.33,430.1,355,51.99,73.88,11,0.21,108.9,40,1411,3263,1899,14.596,1449
2026-09-02T15:48:56Z,84.95,430.2,355,49.65,73.81,11,0.01,109.6,40,1411,3263,1899,6.783,1471
2026-09-02T15:49:13Z,25.94,429.1,154,38.97,73.57,11,0.63,110.3,41,1411,3263,1899,3.261,1482
2026-09-02T15:49:30Z,91.24,430.3,356,55.41,74.81,11,0.51,110.9,41,1471,3353,1989,7.828,1504
2026-09-02T15:49:48Z,82.00,430.2,356,56.20,74.84,11,13.28,123.4,42,1471,3353,1989,13.812,1537
2026-09-02T15:50:06Z,85.06,430.4,356,54.35,75,11,0.01,111.7,42,1471,3353,1989,20.309,1571
2026-09-02T15:50:23Z,68.98,431.2,355,59.71,74.93,11,0.32,112.2,43,1471,3353,1989,11.670,1603
2026-09-02T15:50:41Z,82.31,430.5,355,54.48,74.82,11,0.10,112.4,43,1471,3353,1989,15.026,1636
2026-09-02T15:50:58Z,26.76,429.6,154,37.48,74.82,11,0.10,113.2,44,1471,3353,1989,7.645,1655
2026-09-02T15:51:15Z,22.72,429.6,155,55.56,75.21,11,0.30,113.9,44,1631,3515,1989,5.312,1660
2026-09-02T15:51:32Z,32.52,429.7,166,44.03,76.11,11,0.01,114.3,45,1880,3823,2169,5.199,1666
2026-09-02T15:51:48Z,30.85,429.7,165,43.22,76.3,11,0.06,114.9,46,1963,3989,2418,3.530,1671
2026-09-02T15:52:05Z,29.56,426.3,165,42.00,77.98,11,1.17,116.1,46,2047,4155,2559,2.653,1675
2026-09-02T15:52:22Z,35.49,426.4,164,45.95,76.86,11,0.02,116.5,47,2121,4303,2664,4.065,1680
2026-09-02T15:52:38Z,25.99,425.8,154,53.97,76.85,11,0.15,117.3,48,2231,4416,2664,2.952,1685
2026-09-02T15:52:55Z,54.19,426.1,156,50.13,79.04,11,0.01,117.9,48,2801,5015,2757,2.612,1693
2026-09-02T15:53:11Z,29.56,426.2,176,48.94,80.34,11,1.06,119.2,49,2967,5347,3255,2.493,1698
2026-09-02T15:53:28Z,33.42,426.3,175,40.85,81.19,11,0.13,119.7,50,3134,5679,3621,2.707,1703
2026-09-02T15:53:45Z,31.59,426.3,174,49.31,81.08,11,0.01,120.8,51,3299,6011,3744,2.686,1709
2026-09-02T15:54:01Z,25.54,426.2,155,43.08,81.59,11,1.30,122.5,53,3372,6155,3792,2.208,1713
2026-09-02T15:54:18Z,53.31,426.5,156,58.63,82.04,11,0.05,123.5,54,3776,6562,3792,2.493,1720
2026-09-02T15:54:35Z,53.30,426.5,155,56.41,83.95,11,0.01,124.5,55,4447,7233,3792,2.376,1729
2026-09-02T15:54:51Z,38.47,426.9,195,49.56,85.16,11,0.96,125.8,56,4871,7907,4551,3.400,1736
2026-09-02T15:55:08Z,35.59,426.9,195,49.13,86,11,0.08,127.2,57,5205,8577,4977,3.328,1743
2026-09-02T15:55:25Z,39.55,426.6,195,46.14,85.46,11,0.01,128.3,59,5538,9243,5166,4.347,1749
2026-09-02T15:55:41Z,37.48,427.1,195,57.30,91.13,12,0.01,129.7,60,5823,9807,5313,5.588,1756
2026-09-02T15:55:58Z,23.21,426.9,155,55.60,88.3,11,0.05,131.8,62,5973,9961,5313,3.901,1761
2026-09-02T15:56:15Z,50.29,426.7,155,55.04,86.55,11,0.01,133.4,63,6635,10623,5313,2.933,1770
2026-09-02T15:56:32Z,52.97,426.7,156,62.34,88.04,11,0.11,134.9,64,7304,11291,5313,2.663,1779
2026-09-02T15:56:48Z,48.06,427,156,60.55,89.76,11,0.97,137.6,66,7983,11969,5313,3.088,1788
2026-09-02T15:57:05Z,31.55,427.1,154,40.98,89.23,11,0.13,139.6,68,8237,12221,5313,6.223,1794
2026-09-02T15:57:22Z,26.42,427.1,155,41.51,89.02,11,0.02,140.9,69,8237,12221,5313,3.055,1798
2026-09-02T15:57:38Z,28.54,427.3,155,42.15,87.17,11,0.12,142.2,70,8237,12221,5313,2.503,1803
2026-09-02T15:57:55Z,26.50,427,155,42.24,87.1,11,31.59,144.2,72,8237,12221,5313,3.340,1807
2026-09-02T15:58:11Z,26.43,426,154,39.91,87.52,11,0.07,145.6,74,8237,12221,5313,2.391,1812
2026-09-02T15:58:28Z,28.77,426.3,155,38.64,87.32,11,0.10,146.9,75,8237,12221,5313,2.050,1816
2026-09-02T15:58:45Z,26.52,426.1,155,40.51,87.52,11,1.05,148.8,77,8237,12221,5313,1.681,1820
2026-09-02T15:59:01Z,29.69,426,155,39.69,87.43,11,0.02,150.3,78,8237,12221,5313,3.066,1824
2026-09-02T15:59:18Z,27.22,425.9,155,39.25,87.3,11,0.06,151.6,80,8237,12221,5313,2.592,1829
2026-09-02T15:59:35Z,88.58,434.6,155,55.61,89.18,11,0.02,152.9,81,8590,12579,5325,2.312,1836
2026-09-02T15:59:51Z,28.24,427.2,166,43.89,88.01,11,0.02,155,83,8674,12747,5577,3.939,1840
2026-09-02T16:00:08Z,31.57,427.3,165,41.22,88.02,11,0.08,156.4,84,8757,12913,5796,3.866,1845
2026-09-02T16:00:25Z,29.25,427.4,165,43.40,91.86,11,0.01,158.1,86,8840,13079,5925,4.036,1850
2026-09-02T16:00:41Z,26.12,427.2,154,41.30,88.53,11,1.37,160.3,88,8887,13171,5988,2.550,1855
2026-09-02T16:00:58Z,54.33,427.4,156,58.23,87.21,11,22.29,161.8,89,9207,13494,5988,3.051,1862
2026-09-02T16:01:14Z,33.04,427.3,176,49.59,88.49,11,0.11,163.3,91,9626,14001,6258,7.282,1869
2026-09-02T16:01:31Z,35.29,427.5,175,48.97,88.72,11,0.02,164.8,92,9792,14332,6757,6.514,1875
2026-09-02T16:01:48Z,33.42,427.4,176,48.97,89.2,11,0.07,167.6,95,9959,14667,6990,3.602,1881
2026-09-02T16:02:05Z,33.15,427.4,175,49.01,88.31,11,0.02,169.2,97,10126,14999,7113,3.116,1886
2026-09-02T16:02:21Z,27.60,427.4,155,44.51,86.07,11,0.01,171,98,10138,15023,7116,2.402,1891
2026-09-02T16:02:38Z,52.83,427.3,156,60.58,89.84,11,1.21,173.9,101,10805,15693,7116,3.745,1900
2026-09-02T16:02:54Z,51.51,427.4,155,56.82,92.06,11,0.02,175.6,103,11429,16359,7248,5.364,1909
2026-09-02T16:03:11Z,38.84,427.6,195,51.78,93.69,11,0.04,177.7,105,11763,17027,8196,4.122,1916
2026-09-02T16:03:28Z,48.74,427.6,196,51.71,94.23,11,0.06,179.8,107,12096,17693,8364,7.987,1922
2026-09-02T16:03:44Z,33.48,429.8,195,52.50,95.5,11,1.13,183,110,12429,18358,8553,3.029,1930
2026-09-02T16:04:01Z,28.18,427.7,155,38.05,94.04,11,0.69,185.3,112,12589,18675,8637,3.818,1935
2026-09-02T16:04:18Z,49.89,427.9,155,55.02,94.69,11,0.80,187.7,114,12960,19049,8637,2.915,1942
2026-09-02T16:04:34Z,53.93,428,155,55.68,97.33,11,0.01,189.8,117,13625,19714,8637,5.756,1952
2026-09-02T16:04:51Z,54.38,428.1,155,57.36,97.17,11,0.07,192.7,120,14288,20377,8637,3.994,1961
2026-09-02T16:05:08Z,51.21,428,156,55.76,99.15,11,0.18,195.3,122,14969,21059,8637,3.588,1970
2026-09-02T16:05:24Z,49.93,428,235,59.78,104.3,11,0.01,197.9,124,15635,22327,10452,6.144,1980
2026-09-02T16:05:41Z,79.82,428.6,236,63.13,108.1,11,1.66,202,128,16304,23666,12453,4.506,1989
2026-09-02T16:05:58Z,45.21,428.4,236,57.84,109.9,11,0.05,205.1,131,16973,25000,12906,3.789,1999
2026-09-02T16:06:15Z,31.34,428.4,155,42.65,111.4,11,0.02,175.4,103,17439,25925,13230,4.962,2007
2026-09-02T16:06:31Z,50.53,428.3,155,60.74,112.1,11,29.61,179.1,106,17681,26170,13230,5.500,2014
2026-09-02T16:06:48Z,30.15,432.1,166,42.56,113.4,11,1.98,183.9,111,17859,26415,13443,3.478,2021
2026-09-02T16:07:05Z,28.61,431.9,165,38.94,113.6,11,0.01,187.5,114,17942,26582,13692,11.633,2027
2026-09-02T16:07:21Z,29.56,432.8,165,41.11,113.8,11,0.02,190.9,118,18025,26749,13815,4.144,2033
2026-09-02T16:07:38Z,32.82,432.7,164,36.19,114,11,0.09,194.7,121,18089,26875,13905,3.052,2039
2026-09-02T16:07:54Z,46.49,434.2,156,54.15,114.3,11,0.01,198.3,125,18276,27065,13905,3.107,2046
2026-09-02T16:08:11Z,32.34,434,170,43.65,116.4,11,0.03,130.1,130,18794,27637,14076,3.669,2055
2026-09-02T16:08:28Z,31.74,434,176,43.75,117.1,11,0.02,133.9,133,18961,27971,14574,5.084,2061
2026-09-02T16:08:44Z,26.16,434.2,175,42.50,117.8,11,0.01,109.1,105,19128,28305,14877,4.574,2068
2026-09-02T16:09:01Z,38.18,434.9,175,41.89,118.3,11,0.02,112.8,109,19295,28639,14997,4.277,2075
2026-09-02T16:09:18Z,26.22,434.9,154,31.93,118.3,11,1.34,118.1,114,19340,28727,15030,4.609,2081
2026-09-02T16:09:35Z,50.04,434.8,155,57.64,120,11,0.01,122.3,118,19869,29261,15030,3.138,2090
2026-09-02T16:09:51Z,51.68,435,155,59.29,121.7,11,0.06,126.3,122,20537,29927,15030,3.036,2100
2026-09-02T16:10:08Z,40.18,435.5,196,52.30,123.3,11,0.21,130.1,126,20897,30595,15960,2.243,2108
2026-09-02T16:10:25Z,40.99,435.5,195,48.86,124,11,2.21,136.1,131,21230,31259,16257,4.070,2116
2026-09-02T16:10:41Z,36.37,435.6,196,48.39,125.1,11,0.01,115.7,103,21562,31922,16425,4.214,2124
2026-09-02T16:10:58Z,36.56,435.5,154,35.84,125.5,11,0.09,120.3,108,21791,32379,16551,5.820,2131
2026-09-02T16:11:14Z,49.76,435.4,155,56.64,126,11,0.01,124.7,112,22043,32633,16551,3.376,2139
2026-09-02T16:11:31Z,55.89,435.6,156,54.08,127.6,11,0.01,128.8,116,22704,33294,16551,20.423,2149
2026-09-02T16:11:48Z,50.03,435.5,155,55.87,128.6,11,0.51,134.9,122,23377,33968,16551,4.635,2159
2026-09-02T16:12:05Z,49.61,435.8,156,55.08,130.3,11,0.02,139.2,126,24035,34626,16551,1.769,2169
2026-09-02T16:12:21Z,44.99,436.2,235,59.25,133.3,11,0.01,143.6,130,24702,35758,17958,4.511,2179
2026-09-02T16:12:38Z,52.56,437.4,236,55.16,135.2,11,0.33,145.9,103,25375,37105,19968,4.429,2190
2026-09-02T16:12:55Z,45.40,437.4,236,61.64,140.1,11,2.39,153,110,26046,38447,20709,5.715,2200
2026-09-02T16:13:12Z,49.10,440.6,235,60.91,142.3,11,0.04,158.6,116,26642,39631,21138,5.391,2210
2026-09-02T16:13:28Z,26.19,437.3,154,49.74,142.8,11,0.05,164,121,26751,39743,21138,6.259,2217
2026-09-02T16:13:45Z,25.88,437.4,166,44.57,143.9,11,0.01,169.9,126,27046,40091,21303,3.664,2225
2026-09-02T16:14:01Z,38.02,437.4,166,39.99,145,11,0.02,175.2,132,27130,40257,21552,2.959,2232
2026-09-02T16:14:18Z,33.34,437.4,165,42.13,145.3,11,2.92,180.6,107,27213,40423,21699,1.676,2240
2026-09-02T16:14:35Z,28.45,437.4,165,44.46,145.6,11,0.02,186.1,113,27293,40583,21816,7.190,2246
2026-09-02T16:14:51Z,26.53,437.1,155,34.36,145.8,11,0.01,192.2,118,27356,40648,21816,4.438,2253
2026-09-02T16:15:08Z,49.64,441.8,155,57.51,147.5,11,28.89,197.8,124,27965,41279,21888,2.284,2263
2026-09-02T16:15:25Z,45.25,439,175,49.95,147.9,11,0.07,203.8,130,28131,41611,22386,2.507,2270
2026-09-02T16:15:41Z,33.78,439,176,48.83,148.5,11,2.89,178.9,105,28297,41943,22761,7.753,2279
2026-09-02T16:15:58Z,31.11,438.9,175,45.89,148.6,11,0.07,185,111,28464,42279,22890,5.444,2286
2026-09-02T16:16:15Z,31.69,438.7,154,43.51,152.3,11,0.01,191.1,117,28544,42435,22944,5.388,2293
2026-09-02T16:16:31Z,47.06,439,156,58.28,149.9,11,0.02,196.8,123,28929,42823,22944,3.094,2302
2026-09-02T16:16:48Z,54.68,424.2,156,59.40,151.7,11,0.06,203,129,29599,43493,22944,2.496,2313
2026-09-02T16:17:05Z,39.07,424.2,195,55.52,152.6,11,3.13,211.2,137,30033,44167,23667,6.185,2324
2026-09-02T16:17:21Z,37.41,424.3,196,55.79,153.7,11,0.02,184.6,111,30366,44832,24126,6.830,2333
2026-09-02T16:17:38Z,36.31,424.2,195,52.46,154.2,11,0.07,191.1,117,30699,45498,24294,3.324,2343
2026-09-02T16:17:55Z,39.22,424.2,194,54.69,155.1,11,0.02,197.4,124,30995,46087,24462,3.870,2352
2026-09-02T16:18:11Z,39.54,425.7,155,51.82,155.2,11,0.04,171.1,98,31104,46199,24462,2.313,2360
2026-09-02T16:18:28Z,52.92,425.8,155,54.96,157,11,1.13,178.5,106,31763,46859,24462,11.781,2371
2026-09-02T16:18:45Z,33.13,425.9,155,57.10,158.6,11,6.62,186.2,112,32426,47522,24462,2.895,2383
2026-09-02T16:19:02Z,52.41,425.5,155,57.96,158.5,11,0.01,192.8,119,33120,48216,24462,2.074,2395
2026-09-02T16:19:19Z,45.35,425.8,236,53.88,160.6,11,0.66,199.3,125,33799,49254,25548,5.963,2406
2026-09-02T16:19:35Z,48.51,425.8,236,61.66,162.9,11,0.18,206.7,132,34465,50587,27547,7.680,2418
2026-09-02T16:19:52Z,58.98,425.8,235,61.86,165.2,11,0.07,181.1,107,35137,51933,28572,5.621,2431
2026-09-02T16:20:09Z,45.38,425.7,235,62.73,166.6,11,3.76,191.1,117,35815,53285,29004,10.641,2443
2026-09-02T16:20:26Z,26.81,425.5,154,39.60,166.9,11,0.02,198.6,124,35846,53339,29058,1.402,2451
2026-09-02T16:20:42Z,25.09,425.2,155,60.92,174.6,12,26.95,173.7,100,35846,53339,29058,6.429,2458
2026-09-02T16:20:59Z,26.27,425.5,154,40.42,167,11,0.04,181.2,107,35846,53339,29058,1.300,2466
2026-09-02T16:21:15Z,26.26,424.4,155,38.49,164.9,11,0.02,188.8,115,35846,53339,29058,3.117,2473
2026-09-02T16:21:32Z,25.83,423.9,154,38.67,164.8,11,0.01,196.8,122,35846,53339,29058,1.647,2480
2026-09-02T16:21:49Z,40.01,423.8,154,44.42,165.1,11,0.05,204.3,130,35941,53436,29058,13.505,2490
2026-09-02T16:22:05Z,51.50,424,156,56.74,166.5,11,3.72,214.7,140,36606,54101,29058,4.651,2502
2026-09-02T16:22:22Z,49.39,424.1,155,54.90,168.1,11,0.01,189.3,115,37298,54794,29058,2.959,2514
2026-09-02T16:22:39Z,49.70,424,155,57.09,169.9,11,0.01,196.9,123,37974,55470,29058,3.108,2527
2026-09-02T16:22:56Z,48.14,424,156,57.53,171.5,11,0.01,204.9,130,38646,56144,29058,3.363,2539
2026-09-02T16:23:12Z,52.57,423.9,155,58.19,173.5,11,0.02,179.5,106,39311,56806,29058,6.937,2551
2026-09-02T16:23:29Z,56.20,423.9,156,31.97,175.2,11,0.23,187.3,113,39970,57466,29058,9.896,2563
2026-09-02T16:23:46Z,46.68,423.9,156,57.21,177,11,3.45,197.7,123,40627,58122,29058,7.406,2575
2026-09-02T16:24:03Z,52.69,424.5,256,69.92,185,11,3.88,205.8,131,41887,60598,32694,5.737,2591
2026-09-02T16:24:19Z,51.88,424.5,256,69.11,190.2,11,0.01,182.3,108,43237,63290,36725,5.434,2608
2026-09-02T16:24:36Z,53.30,424.5,256,68.46,194.6,11,0.01,192.3,118,44587,65994,39700,5.474,2625
2026-09-02T16:24:53Z,26.38,425.3,154,42.24,196.9,11,0.03,203.3,128,45496,67789,41454,7.365,2639
2026-09-02T16:25:10Z,51.18,392.2,155,51.99,196,11,0.10,180.9,107,45754,68050,41454,9.454,2651
2026-09-02T16:25:27Z,47.10,392.5,156,58.67,196.1,11,0.05,192.1,118,46433,68730,41454,5.965,2667
2026-09-02T16:25:43Z,50.13,392.6,155,56.68,197.7,11,0.01,203.1,128,47088,69384,41454,3.351,2683
2026-09-02T16:26:00Z,49.98,392.3,155,55.51,198.3,11,0.01,214,139,47763,70059,41454,4.083,2699
2026-09-02T16:26:17Z,67.35,392.3,156,58.33,198.4,11,33.24,192.1,117,48420,70716,41454,1.584,2715
2026-09-02T16:26:33Z,68.62,401.6,156,55.97,196.6,11,0.02,203.2,128,49092,71386,41454,14.478,2731
2026-09-02T16:26:50Z,50.07,409.8,156,54.95,197.1,11,1.30,182.2,109,49728,72022,41454,7.729,2748
2026-09-02T16:27:07Z,51.22,413,155,57.56,197,11,5.81,195.9,121,50389,72685,41454,4.070,2764
2026-09-02T16:27:24Z,50.16,352.7,155,56.76,194.7,11,6.17,206.7,132,51046,73341,41454,4.903,2783
2026-09-02T16:27:41Z,47.15,352.6,155,57.06,195.1,11,0.01,184.9,110,51702,73997,41454,8.690,2803
2026-09-02T16:27:57Z,50.00,352.7,155,60.65,195.3,11,0.02,196,121,52379,74677,41454,5.301,2822
2026-09-02T16:28:14Z,51.24,373.7,156,56.51,195.3,11,0.01,206.7,131,53063,75360,41454,2.328,2842
2026-09-02T16:28:31Z,51.43,386.1,156,56.79,195.5,11,0.01,217.6,142,53750,76047,41454,3.189,2862
2026-09-02T16:28:47Z,51.51,353.4,155,55.60,196.1,11,0.01,195.8,121,54414,76710,41454,2.217,2882
2026-09-02T16:29:04Z,50.09,353.4,155,60.38,194.3,11,0.01,206.7,131,55083,77380,41454,7.440,2901
2026-09-02T16:29:21Z,77.37,356.6,256,81.61,203,11,0.83,178.6,104,57304,81827,47992,8.093,2929
2026-09-02T16:29:38Z,71.95,356.5,256,86.81,203.8,11,2.26,184.9,110,59819,86914,52575,7.678,2959
2026-09-02T16:29:55Z,85.17,359.9,255,84.58,204.4,11,0.66,190.7,116,62461,92202,52656,9.692,2991
2026-09-02T16:30:12Z,28.33,380.6,154,37.83,204.6,11,7.31,204.4,129,64160,95467,52704,5.106,3017
2026-09-02T16:30:29Z,51.17,327.2,155,58.01,204.8,11,6.73,218.8,143,64431,95741,52704,5.841,3037
2026-09-02T16:30:46Z,43.71,327.1,156,57.90,205.8,11,7.01,199.9,124,65079,96389,52704,4.952,3063
2026-09-02T16:31:03Z,49.54,360.2,156,61.32,205.8,11,7.21,213.9,138,65738,97047,52704,5.331,3088
2026-09-02T16:31:19Z,48.65,333.3,156,54.96,205.9,11,6.78,195.1,119,66373,97683,52704,8.677,3112
2026-09-02T16:31:36Z,49.47,337,156,55.22,206.2,11,6.90,208.9,133,67047,98357,52704,5.363,3136
2026-09-02T16:31:53Z,47.24,339.7,156,49.77,206.5,11,6.90,190.2,114,67688,98999,52704,6.923,3159
2026-09-02T16:32:10Z,53.67,395.7,156,55.60,206.6,11,7.09,203.9,128,68362,99673,52704,9.104,3183
2026-09-02T16:32:27Z,48.94,427.8,156,56.53,206.5,11,5.51,218,141,69062,100444,52917,7.709,3198
2026-09-02T16:32:44Z,58.51,428.1,256,93.57,206.9,11,6.77,199.6,124,70411,103140,56956,4.628,3217
2026-09-02T16:33:00Z,59.02,428.3,256,70.04,207.6,11,6.89,215,139,71763,105852,61002,6.938,3237
2026-09-02T16:33:17Z,55.68,364.9,255,71.20,211.7,11,0.01,193.1,117,73115,108608,63846,9.507,3264
2026-09-02T16:33:35Z,27.06,389.7,155,42.02,208.1,11,2.76,212.1,136,73810,109917,65067,5.367,3286
2026-09-02T16:33:51Z,41.31,321.1,155,30.41,208.9,11,0.09,194.5,119,74178,110289,65067,7.045,3310
2026-09-02T16:34:08Z,55.49,365.7,155,56.38,209,11,0.53,178.8,103,74830,110940,65067,7.531,3336
2026-09-02T16:34:25Z,79.19,429.7,156,48.02,207.1,11,0.01,195.9,120,75454,111563,65067,3.867,3355
2026-09-02T16:34:42Z,62.88,432.1,156,57.03,206.9,11,0.01,180.2,105,76099,112210,65067,4.249,3371
2026-09-02T16:34:59Z,50.31,432,156,57.44,207.1,11,0.05,197.9,121,76761,112871,65067,4.474,3387
2026-09-02T16:35:15Z,51.82,354.9,156,58.08,208.7,11,0.01,181.9,106,77399,113508,65067,4.302,3407
2026-09-02T16:35:32Z,49.52,355,156,49.24,207.2,11,0.01,199,123,78045,114156,65067,4.538,3430
2026-09-02T16:35:49Z,50.31,391.2,156,47.84,207.6,11,0.22,216.3,139,78681,114792,65067,6.997,3452
2026-09-02T16:36:06Z,54.29,365.3,156,59.61,208.4,11,0.01,233.6,156,79339,115449,65067,4.404,3474
2026-09-02T16:36:22Z,49.16,371.8,155,57.48,208.5,11,0.01,218,141,79998,116108,65067,6.757,3496
2026-09-02T16:36:39Z,48.81,326.1,156,53.81,208.6,11,0.01,202,126,80633,116743,65067,5.074,3520
2026-09-02T16:36:56Z,49.51,326.3,155,54.14,208.5,11,37.33,219.5,142,81272,117379,65067,6.147,3548
2026-09-02T16:37:13Z,50.96,384.2,156,57.83,208.7,11,8.98,203.7,127,81912,118022,65067,5.444,3575
2026-09-02T16:37:29Z,49.71,347.9,156,55.53,208.8,11,9.03,220.9,144,82571,118681,65067,6.635,3599
2026-09-02T16:37:46Z,49.85,375,155,58.66,208.7,11,3.82,202.4,126,83234,119343,65067,7.435,3623
2026-09-02T16:38:03Z,74.80,362.7,256,100.17,210.4,11,1.68,212.2,135,84938,122655,69671,10.815,3649
2026-09-02T16:38:20Z,78.45,362.7,256,85.32,211.1,11,0.63,184.4,108,87632,128060,76155,8.573,3679
2026-09-02T16:38:38Z,69.49,364.7,256,87.13,211.6,11,0.73,191.8,115,90243,133271,76236,8.443,3709
2026-09-02T16:38:55Z,72.62,364.7,255,89.96,212.1,11,0.02,197.4,121,92504,137655,76302,9.442,3733
2026-09-02T16:39:12Z,27.77,373.9,154,35.38,211.9,11,0.01,185,108,92622,137778,76302,8.398,3752
2026-09-02T16:39:28Z,49.11,379.2,156,53.33,212.2,11,37.76,205,128,93251,138406,76302,9.855,3774
2026-09-02T16:39:45Z,44.28,425.6,155,54.97,212.9,11,4.00,188.5,112,93877,139031,76302,7.990,3794
2026-09-02T16:40:02Z,59.83,429.8,155,55.38,212.7,11,0.01,205.9,128,94530,139684,76302,10.409,3811
2026-09-02T16:40:19Z,76.07,432.1,156,58.01,212.6,11,0.02,193,116,95170,140325,76302,6.197,3826
2026-09-02T16:40:36Z,53.69,439.6,156,61.41,212.4,11,0.01,213.5,136,95814,140968,76302,7.617,3843
2026-09-02T16:40:53Z,50.54,442.6,155,60.07,212.7,11,0.02,200.4,123,96477,141632,76302,5.010,3860
2026-09-02T16:41:09Z,49.64,442.2,156,50.33,212.5,11,0.01,187.7,111,97139,142295,76302,5.084,3877
2026-09-02T16:41:26Z,61.91,442.4,255,72.60,212.9,11,0.01,208.2,130,98260,144346,79098,11.282,3896
2026-09-02T16:41:43Z,59.09,437.1,256,112.14,223.3,12,9.83,196.9,119,99626,147072,83169,11.527,3917
2026-09-02T16:42:00Z,64.66,436.9,256,70.14,213.6,11,32.85,212.1,134,100991,149827,86510,17.695,3939
2026-09-02T16:42:18Z,92.05,443,255,47.94,213.5,11,0.01,202.1,124,102155,152107,88665,6.781,3957
2026-09-02T16:42:35Z,32.99,442.4,155,61.65,213.5,11,0.01,225.6,147,102306,152261,88665,5.926,3972
2026-09-02T16:42:51Z,49.30,442.3,156,51.39,214,11,0.01,216.4,138,102935,152891,88665,5.075,3990
2026-09-02T16:43:08Z,50.57,442.4,155,55.39,214.6,11,1.63,207.1,128,103586,153541,88665,8.939,4008
2026-09-02T16:43:25Z,36.95,442.5,156,34.84,214.4,11,11.68,228.9,151,104222,154177,88665,13.072,4026
2026-09-02T16:43:42Z,66.34,442.4,156,60.05,214.1,11,0.01,180.3,102,104865,154820,88665,5.637,4041
2026-09-02T16:43:58Z,60.59,442.5,155,56.85,214.7,11,0.07,203.9,125,105499,155454,88665,4.577,4058
2026-09-02T16:44:15Z,51.98,442.4,156,47.22,214.7,11,0.01,193.9,116,106159,156112,88665,9.384,4076
2026-09-02T16:44:32Z,51.39,430.7,156,53.75,215.1,11,0.02,217.6,139,106775,156733,88665,11.043,4094
2026-09-02T16:44:49Z,50.40,430.3,155,55.97,215.2,11,6.84,208.5,129,107416,157371,88665,9.085,4113
2026-09-02T16:45:06Z,48.17,404,155,54.82,213.3,11,1.70,224.5,146,108042,157996,88665,7.911,4133
2026-09-02T16:45:22Z,61.32,403.7,156,57.21,213.4,11,0.74,214.5,136,108600,158558,88665,3.586,4149
2026-09-02T16:45:39Z,50.92,439.2,156,44.48,213.3,11,0.42,205,126,109206,159162,88665,5.332,4168
2026-09-02T16:45:56Z,46.45,442.1,155,57.96,213.7,11,0.02,228.4,149,109829,159784,88665,9.539,4186
2026-09-02T16:46:13Z,51.93,442.1,156,49.98,213.5,11,11.93,186.2,108,110437,160393,88665,7.604,4204
2026-09-02T16:46:30Z,47.73,442.2,155,58.00,213.2,11,0.90,202.3,125,111085,161040,88665,7.763,4222
2026-09-02T16:46:46Z,79.74,442.2,156,54.39,213.5,11,0.01,192.2,114,111700,161656,88665,5.677,4236
2026-09-02T16:47:03Z,76.57,444.8,256,84.04,215.4,11,0.01,208.3,129,113816,165848,94784,9.790,4259
2026-09-02T16:47:21Z,84.69,444.9,257,73.70,215.8,11,0.97,224.2,145,116533,171293,99744,9.604,4285
2026-09-02T16:47:38Z,69.66,434.6,256,72.72,215.2,11,0.53,228.8,149,119171,176563,99825,12.101,4305
2026-09-02T16:47:55Z,57.59,434.4,154,42.78,215.7,11,0.02,201.3,122,121069,180285,99882,10.124,4320
2026-09-02T16:48:12Z,24.67,434.1,154,39.75,215.8,11,0.01,195.2,116,121069,180285,99882,13.819,4336
2026-09-02T16:48:28Z,29.73,442.7,155,35.08,215.8,11,0.08,221.5,142,121069,180285,99882,9.343,4351
2026-09-02T16:48:45Z,20.43,442.6,154,45.31,215.8,11,0.02,214.6,135,121069,180285,99882,9.375,4366
2026-09-02T16:49:02Z,26.63,435.8,154,32.25,216,11,14.67,241.3,161,121069,180285,99882,10.511,4381
2026-09-02T16:49:18Z,30.68,436.1,154,37.51,213.8,11,0.08,193.4,115,121069,180285,99882,182.774,4394
2026-09-02T16:49:35Z,76.70,414.6,155,34.08,213.7,11,,,,,,,,
2026-09-02T16:49:51Z,,,,18.39,31.48,1,9.61,48.25,1,0,0,0,3.096,13
2026-09-02T16:50:08Z,3.33,126.2,154,6.17,49.01,11,0.74,48.8,1,0,0,0,3.947,24
2026-09-02T16:50:25Z,11.84,127.2,154,7.33,49.58,11,3.14,50.18,1,14,23,24,6.849,28
2026-09-02T16:50:42Z,17.86,148,175,7.90,54.65,11,0.97,51.01,1,20,30,30,5.189,31
2026-09-02T16:50:58Z,13.02,150.7,176,3.71,54.52,11,2.00,51.5,1,66,102,105,4.334,35
2026-09-02T16:51:15Z,101.97,204.6,355,23.25,61.86,11,0.01,52.37,1,80,120,120,7.500,118
2026-09-02T16:51:33Z,103.01,260.5,356,25.51,62.88,11,0.75,51.64,1,80,120,120,44.340,203
2026-09-02T16:51:50Z,101.15,320.8,355,25.12,63.07,11,0.17,51.68,1,80,120,120,6.147,286
2026-09-02T16:52:07Z,101.32,399.3,355,23.76,63.27,11,0.28,51.94,1,80,120,120,10.563,298
2026-09-02T16:52:24Z,67.40,401.2,355,25.35,63,11,0.27,52.08,1,80,120,120,7.683,307
2026-09-02T16:52:41Z,6.25,400.6,155,4.22,63.22,11,0.31,55.2,1,80,120,120,10.723,309
2026-09-02T16:52:58Z,103.90,409.8,356,42.35,66.05,11,0.26,55.49,1,140,210,210,6.504,323
2026-09-02T16:53:15Z,92.42,410.2,355,34.80,66.13,11,0.23,55.25,1,140,210,210,25.803,342
2026-09-02T16:53:33Z,93.80,410.5,356,29.51,66.23,11,0.20,55.65,1,140,210,210,15.538,361
2026-09-02T16:53:50Z,99.10,410.5,355,35.83,66.44,11,0.21,55.7,1,140,210,210,7.636,381
2026-09-02T16:54:08Z,92.18,410.8,354,31.74,66.29,11,0.25,54.75,1,140,210,210,5.685,399
2026-09-02T16:54:25Z,0.72,410.3,155,0.13,66.23,11,0.20,54.9,1,140,210,210,5.316,409
2026-09-02T16:54:42Z,66.26,412.2,356,34.59,68.25,11,0.19,57.16,1,200,300,300,11.706,414
2026-09-02T16:54:59Z,73.46,412.4,355,24.36,68.54,11,0.19,57.33,1,200,300,300,7.226,423
2026-09-02T16:55:15Z,73.92,412.6,356,26.25,68.84,11,0.19,57.46,1,200,300,300,7.524,432
2026-09-02T16:55:32Z,61.32,412.7,355,31.85,69.02,11,0.18,57.47,2,200,300,300,16.241,442
2026-09-02T16:55:49Z,59.55,414.5,355,29.00,68.73,11,0.58,57.58,2,200,300,300,7.051,451
2026-09-02T16:56:06Z,65.32,414.9,355,26.51,68.95,11,0.56,57.77,2,200,300,300,7.552,459
2026-09-02T16:56:23Z,1.08,414.1,154,1.24,68.86,11,0.48,60.39,2,258,390,390,6.646,461
2026-09-02T16:56:40Z,90.54,419.3,356,33.58,70.02,11,0.35,60.75,2,260,390,390,6.415,480
2026-09-02T16:56:57Z,90.88,419.4,356,43.76,69.97,11,3.05,61.01,2,260,390,390,34.418,500
2026-09-02T16:57:15Z,98.25,419.5,355,31.66,69.96,11,2.63,60.74,2,260,390,390,7.096,519
2026-09-02T16:57:32Z,88.77,419.8,354,40.87,70.48,11,0.02,61.11,2,260,390,390,11.398,538
2026-09-02T16:57:49Z,97.92,420,355,41.76,70.18,11,0.34,61.82,2,260,390,390,12.466,557
2026-09-02T16:58:07Z,0.80,419.2,154,0.13,70.19,11,0.61,62.02,2,260,390,390,8.560,561
2026-09-02T16:58:23Z,47.78,420.6,155,45.83,73.51,11,0.22,61.94,3,713,845,390,4.731,564
2026-09-02T16:58:40Z,49.88,421.5,156,30.95,75.02,11,0.19,64.7,3,1258,1391,390,8.278,568
2026-09-02T16:58:57Z,40.04,421.9,155,31.19,76.4,11,0.24,64.84,3,1832,1965,390,5.218,573
2026-09-02T16:59:14Z,38.36,417.8,155,44.24,78.22,11,0.21,65.23,3,2402,2535,390,5.724,577
2026-09-02T16:59:30Z,55.16,418.8,236,41.84,80.6,11,32.13,65.36,3,3021,3471,1347,4.729,582
2026-09-02T16:59:47Z,57.56,419.4,235,58.20,82.78,11,0.10,65.99,4,3691,4814,3360,4.643,588
2026-09-02T17:00:04Z,47.24,419.8,235,55.00,85.58,11,0.13,67.29,5,4361,6152,4443,3.954,597
2026-09-02T17:00:20Z,57.46,423,234,55.63,86.95,11,0.02,68.75,6,5035,7500,4929,3.967,605
2026-09-02T17:00:37Z,27.03,420.1,155,37.19,87.84,11,5.33,70.6,8,5111,7642,4983,2.883,609
2026-09-02T17:00:54Z,52.65,420.9,156,49.45,89.38,11,0.01,71.68,9,5725,8260,4983,5.137,618
2026-09-02T17:01:11Z,49.80,420.7,155,58.48,91.19,11,0.01,72.97,10,6394,8928,4983,2.713,626
2026-09-02T17:01:27Z,54.99,421.1,155,58.15,92.69,11,0.16,74.13,12,7026,9560,4983,3.284,635
2026-09-02T17:01:44Z,52.96,421.4,155,54.54,94.44,11,0.02,79.43,13,7667,10203,4983,4.093,643
2026-09-02T17:02:01Z,60.17,421.7,156,53.79,96.71,11,0.01,80.88,15,8325,10858,4983,2.847,652
2026-09-02T17:02:18Z,56.94,421.6,156,59.16,98.02,11,0.02,82.43,16,8965,11500,4983,2.765,660
2026-09-02T17:02:34Z,48.64,421.6,156,52.47,99.19,11,1.12,84.14,18,9611,12145,4983,3.594,668
2026-09-02T17:02:51Z,72.68,422.4,255,70.34,101.7,11,0.02,85.33,19,10600,13797,6953,17.799,679
2026-09-02T17:03:08Z,77.88,422.1,256,65.64,107,11,0.01,87.78,21,11973,16534,11064,4.709,691
2026-09-02T17:03:25Z,61.82,422.4,255,77.65,111.2,11,8.06,92.56,26,13311,19211,14614,7.414,704
2026-09-02T17:03:42Z,53.66,423,254,65.99,115.5,11,0.01,96.98,30,14661,21915,17214,10.262,718
2026-09-02T17:03:59Z,30.95,424.1,155,39.52,116.5,11,0.01,102.4,34,14762,22094,17382,7.321,724
2026-09-02T17:04:16Z,51.03,424.6,156,56.54,118.1,11,0.02,109.1,39,15423,22758,17382,2.644,734
2026-09-02T17:04:32Z,63.67,427.9,156,53.11,119.7,11,0.02,113.8,43,16077,23413,17382,9.421,744
2026-09-02T17:04:49Z,49.15,428.1,156,54.65,121.8,11,2.29,119.7,49,16720,24054,17382,3.491,754
2026-09-02T17:05:06Z,48.90,428.1,156,59.36,124.2,11,15.89,124.6,54,17380,24715,17382,3.236,764
2026-09-02T17:05:22Z,43.87,428,156,58.39,125.7,11,0.01,129,58,18034,25369,17382,5.599,773
2026-09-02T17:05:39Z,54.10,429.8,156,59.79,127.7,11,0.01,133.6,62,18713,26049,17382,2.997,784
2026-09-02T17:05:56Z,51.96,429.8,156,60.00,129.7,11,2.07,140,68,19404,26739,17382,8.764,794
2026-09-02T17:06:13Z,50.81,429.8,155,54.87,131.6,11,0.01,144.6,73,20095,27430,17382,5.437,804
2026-09-02T17:06:29Z,49.72,429.9,156,52.57,133.5,11,0.01,149.2,77,20732,28068,17382,5.019,814
2026-09-02T17:06:46Z,51.12,429.9,156,49.68,135,11,0.02,154,82,21404,28739,17382,3.123,824
2026-09-02T17:07:03Z,55.87,429.9,156,54.83,136.9,11,0.01,158.6,86,22066,29401,17382,3.217,835
2026-09-02T17:07:19Z,51.01,430.1,156,61.63,154.1,12,2.03,165,92,22709,30044,17382,4.580,844
2026-09-02T17:07:36Z,50.65,429.6,155,55.45,140.2,11,0.01,170.4,97,23368,30703,17382,2.660,854
2026-09-02T17:07:53Z,48.89,429.6,156,55.72,142.1,11,0.01,174.8,101,24016,31352,17382,2.792,864
2026-09-02T17:08:09Z,77.63,433.6,256,77.14,146,11,1.59,179.7,106,25430,33882,20573,9.654,878
2026-09-02T17:08:27Z,76.05,433.8,256,87.12,154.2,11,0.90,182.3,108,28022,39032,28216,6.603,896
2026-09-02T17:08:44Z,80.51,435.4,256,82.77,161.4,11,0.50,188.9,114,30717,44491,28554,8.279,917
2026-09-02T17:09:01Z,77.90,435.4,255,87.11,169.3,11,0.13,194.3,120,33438,49896,28635,11.684,938
2026-09-02T17:09:18Z,40.02,434.9,155,37.65,170.6,11,0.01,201.7,127,33671,50262,28641,8.913,946
2026-09-02T17:09:35Z,61.53,435,155,57.03,171.6,11,4.24,212,137,34316,50910,28641,2.701,957
2026-09-02T17:09:52Z,48.19,435,155,54.88,173,11,0.02,186.6,112,34965,51559,28641,4.046,968
2026-09-02T17:10:08Z,49.87,432.7,156,57.98,174.5,12,0.01,194.1,119,35623,52217,28641,7.352,979
2026-09-02T17:10:25Z,50.64,432.7,155,57.03,176.5,11,0.01,202,127,36277,53031,29136,5.302,990
2026-09-02T17:10:42Z,46.18,433,236,56.99,178.5,11,0.01,209.9,134,36951,54381,31152,4.965,1001
2026-09-02T17:10:59Z,63.42,433,235,61.57,180.8,11,0.01,185.1,111,37624,55726,32610,3.862,1013
2026-09-02T17:11:15Z,49.58,433.4,234,62.98,182.5,11,0.01,194,119,38296,57072,33069,7.676,1025
2026-09-02T17:11:32Z,26.37,432.9,155,41.61,183.1,11,4.57,205.8,130,38522,57514,33231,8.664,1034
2026-09-02T17:11:49Z,50.60,433,155,55.15,184.2,11,0.75,181.5,107,39003,57999,33231,6.580,1044
2026-09-02T17:12:06Z,60.20,418.4,155,54.82,186.2,11,0.87,190.9,116,39663,58658,33231,1.716,1056
2026-09-02T17:12:23Z,46.22,418.5,155,49.91,187.4,11,0.24,199.8,124,40307,59302,33231,2.623,1069
2026-09-02T17:12:39Z,52.57,418.5,155,52.69,187.3,11,0.96,208.4,133,40927,59921,33231,5.604,1081
2026-09-02T17:12:56Z,62.82,418.5,156,49.61,188.6,11,0.03,184.2,110,41568,60564,33231,3.845,1093
2026-09-02T17:13:13Z,58.56,418.4,156,57.46,188.4,11,29.93,193.3,118,42227,61222,33231,16.964,1107
2026-09-02T17:13:30Z,49.51,418.4,156,59.16,188.2,11,4.92,205.1,129,42883,61878,33231,11.226,1119
2026-09-02T17:13:46Z,46.84,418.4,156,67.98,194.4,11,1.86,181.1,106,43678,62992,34191,6.183,1132
2026-09-02T17:14:03Z,54.20,419,256,72.99,199.2,11,0.01,190.5,115,45027,65692,38248,5.076,1149
2026-09-02T17:14:20Z,62.52,418.8,255,107.41,222.6,12,0.01,201,126,46362,68368,42051,7.186,1165
2026-09-02T17:14:37Z,55.36,391.4,255,70.23,206.2,11,0.06,212.6,137,47709,71058,44772,4.828,1184
2026-09-02T17:14:54Z,31.81,390.9,155,42.12,206.5,11,0.02,191.9,117,48173,71966,45621,5.535,1197
2026-09-02T17:15:10Z,50.64,390.9,155,54.78,206.8,11,0.01,203.7,128,48646,72442,45621,4.469,1211
2026-09-02T17:15:27Z,50.67,391,156,50.99,208,11,0.06,182.9,108,49277,73073,45621,4.647,1226
2026-09-02T17:15:44Z,51.49,391,156,59.35,208.2,11,0.02,195,120,49953,73749,45621,2.316,1242
2026-09-02T17:16:01Z,52.53,400,156,56.42,208.1,11,0.02,207.1,131,50606,74403,45621,1.423,1258
2026-09-02T17:16:17Z,56.41,331.9,156,49.74,206.3,11,0.03,186.3,111,51255,75050,45621,1.969,1280
2026-09-02T17:16:34Z,66.76,332.1,155,59.45,206.5,11,0.02,198.2,123,51889,75686,45621,2.547,1301
2026-09-02T17:16:51Z,65.74,331.9,156,57.61,206.5,11,0.02,177.5,102,52551,76347,45621,5.524,1323
2026-09-02T17:17:07Z,65.61,363.9,156,59.24,206.5,11,0.01,189.5,114,53214,77010,45621,25.343,1346
2026-09-02T17:17:24Z,47.38,388.7,155,58.65,206.8,11,0.01,201.6,126,53858,77651,45621,136.154,1368
2026-09-02T17:17:41Z,52.77,408.2,155,56.81,204.4,11,3.00,216.3,140,54516,78312,45621,8.941,1383
2026-09-02T17:17:58Z,48.18,411.1,156,54.19,202.6,11,5.49,197.1,121,55165,78960,45621,10.002,1397
2026-09-02T17:18:14Z,60.57,412.7,155,56.72,202.4,11,5.86,209.3,133,55838,79634,45621,7.953,1411
2026-09-02T17:18:31Z,50.83,412.7,156,57.18,202.6,11,1.42,188.2,113,56488,80283,45621,2.284,1425
2026-09-02T17:18:48Z,46.48,412.7,156,57.39,205.1,11,0.04,200.7,124,57142,80938,45621,6.877,1439
2026-09-02T17:19:05Z,48.51,412.8,156,57.91,200.6,11,0.01,212.5,136,57807,81603,45621,8.175,1453
2026-09-02T17:19:21Z,65.92,415.8,256,124.67,219.4,12,0.31,184.2,108,60173,86430,52814,14.744,1474
2026-09-02T17:19:38Z,77.87,306.7,256,80.01,206.9,12,5.16,196,120,62903,91867,56748,7.843,1509
2026-09-02T17:19:56Z,74.21,307,255,92.07,206.5,11,0.25,203.5,127,65483,97055,56829,6.158,1552
2026-09-02T17:20:13Z,25.79,306.7,155,42.07,207,11,0.01,213.4,137,66994,99958,56871,3.394,1582
2026-09-02T17:20:30Z,27.24,368.8,154,42.57,207.4,11,0.01,195.4,119,66994,99958,56871,3.770,1601
2026-09-02T17:20:46Z,21.33,331.7,155,45.53,207.2,11,0.43,177.5,102,66994,99958,56871,8.690,1617
2026-09-02T17:21:03Z,30.21,337.2,155,22.24,207,11,0.14,192.7,116,66994,99958,56871,7.696,1633
2026-09-02T17:21:19Z,30.63,380.3,155,42.76,207.1,12,28.35,231.5,131,66994,99958,56871,6.302,1649
2026-09-02T17:21:36Z,26.34,342.3,155,44.39,207.3,11,0.02,222.8,145,66994,99958,56871,4.936,1664
2026-09-02T17:21:53Z,26.47,352.2,154,39.43,207.5,11,0.02,205.1,128,66994,99958,56871,7.732,1679
2026-09-02T17:22:09Z,24.06,340.4,154,43.11,207.4,11,0.01,219.8,143,66994,99958,56871,3.805,1694
2026-09-02T17:22:26Z,0.00,0B,,0.13,174.1,1,0.05,192.1,116,66994,99958,56871,,
2026-09-02T17:22:43Z,,,,0.17,174.4,1,0.03,191.9,116,66994,99958,56871,,
2026-09-02T17:22:59Z,98.44,73.78,140,9.38,192.1,11,2.03,192.5,116,66994,99958,56871,4.817,38
2026-09-02T17:23:16Z,87.47,215.3,154,21.44,193.1,11,0.50,174.2,98,66994,99958,56871,2.447,74
2026-09-02T17:23:33Z,32.08,291.7,155,34.92,193.3,11,0.01,189.1,113,66994,99958,56871,0.923,122
2026-09-02T17:23:50Z,25.94,395.5,154,38.78,193.3,11,0.01,204.5,127,66994,99958,56871,9.401,138
2026-09-02T17:24:06Z,30.30,402.8,154,39.80,193,11,0.02,219.7,142,66994,99958,56871,8.784,148
2026-09-02T17:24:23Z,29.17,403.1,155,44.10,193.4,11,0.04,201.4,124,66994,99958,56871,1.606,158
2026-09-02T17:24:40Z,26.94,403.2,155,40.01,193.4,11,0.01,216.6,139,66994,99958,56871,1.399,168
2026-09-02T17:24:56Z,23.22,403.3,154,39.80,193.4,11,0.02,199,122,66994,99958,56871,7.188,177
2026-09-02T17:25:13Z,24.23,391,154,43.79,193.3,11,0.03,213.7,136,66994,99958,56871,1.884,188
2026-09-02T17:25:30Z,2.99,391,155,43.40,193.6,11,0.02,195.8,119,66994,99958,56871,3.015,197
2026-09-02T17:25:46Z,33.16,391.2,155,42.79,193.3,11,0.51,178.1,101,66994,99958,56871,14.819,207
2026-09-02T17:26:03Z,39.99,393.8,154,39.35,193.5,11,0.08,193.5,116,66994,99958,56871,1.586,218
2026-09-02T17:26:20Z,53.39,393.8,154,44.87,205.8,12,0.02,175.1,99,66994,99958,56871,6.847,228
2026-09-02T17:26:36Z,50.11,393.9,154,38.39,193.4,11,0.02,190.2,113,66994,99958,56871,7.559,239
2026-09-02T17:26:53Z,54.76,392.5,155,35.87,193.5,11,18.76,220.9,128,66994,99958,56871,2.250,251
2026-09-02T17:27:10Z,38.56,392.3,154,39.03,193.3,11,0.01,220.7,142,66994,99958,56871,15.022,263
2026-09-02T17:27:26Z,41.22,392.4,155,36.85,193.6,11,0.02,202.6,125,66994,99958,56871,26.490,274
2026-09-02T17:27:43Z,29.40,392.6,155,38.26,193.2,11,0.11,218,140,66994,99958,56871,11.661,285
2026-09-02T17:28:00Z,26.99,392.6,155,42.02,193.5,11,2.68,201.9,125,66994,99958,56871,16.513,295
2026-09-02T17:28:16Z,28.60,396.1,155,41.91,197.1,11,6.77,186.4,110,66994,99958,56871,3.612,307
2026-09-02T17:28:33Z,26.58,282.1,154,42.81,193.5,11,,,,,,,,
2026-09-02T17:28:49Z,,,,13.77,47.01,11,0.16,48.21,1,0,0,0,8.073,8
2026-09-02T17:29:06Z,2.73,123.4,155,6.02,46.79,11,1.66,49,1,0,0,0,5.347,24
2026-09-02T17:29:23Z,2.83,124.3,154,6.44,47,11,0.43,49.44,1,0,0,0,5.347,24
2026-09-02T17:29:39Z,9.99,125,155,3.75,52.89,11,3.04,50.3,1,8,12,12,4.310,27
2026-09-02T17:29:56Z,103.65,183.1,357,17.88,56.75,11,0.17,50.68,1,20,30,30,13.227,65
2026-09-02T17:30:14Z,102.15,215.7,355,17.39,57.7,11,0.44,50.86,1,20,30,30,11.673,107
2026-09-02T17:30:30Z,102.18,247.1,355,17.61,57.89,11,0.33,51.02,1,20,30,30,11.795,149
2026-09-02T17:30:47Z,99.00,275.5,155,16.65,61.56,11,0.32,51.5,1,80,120,120,4.344,187
2026-09-02T17:31:04Z,104.67,323.6,356,22.65,62.02,11,0.52,51.68,1,80,120,120,6.599,266
2026-09-02T17:31:21Z,72.49,410.4,355,23.65,62.09,11,26.45,72.04,1,80,120,120,11.378,291
2026-09-02T17:31:37Z,79.72,411.5,354,26.85,61.99,11,0.28,51.75,1,80,120,120,14.903,300
2026-09-02T17:31:54Z,65.71,411.7,355,24.20,62.01,11,0.64,50.76,1,80,120,120,11.325,309
2026-09-02T17:32:11Z,69.78,412.1,354,27.43,62.06,11,0.24,51.25,1,80,120,120,10.235,318
2026-09-02T17:32:28Z,7.61,411.2,155,0.09,62.14,11,1.10,51.93,1,80,120,120,12.885,320
2026-09-02T17:32:44Z,63.67,417.4,356,26.64,63.53,11,0.45,52.11,1,140,210,210,13.492,327
2026-09-02T17:33:01Z,60.09,417.9,355,23.15,63.43,11,0.25,52.14,1,140,210,210,17.662,335
2026-09-02T17:33:18Z,70.20,417.9,356,24.65,63.51,11,0.26,51.96,1,140,210,210,10.620,345
2026-09-02T17:33:35Z,67.44,418.4,355,23.77,63.8,11,0.29,51.97,1,140,210,210,8.632,353
2026-09-02T17:33:51Z,62.67,418.3,355,20.71,63.78,11,0.27,51.94,1,140,210,210,11.826,362
2026-09-02T17:34:08Z,2.58,418,154,0.25,63.8,11,0.24,55.23,1,140,210,210,6.860,368
2026-09-02T17:34:25Z,63.92,419.3,318,24.53,65.73,11,0.22,53.11,1,200,300,300,14.642,371
2026-09-02T17:34:41Z,63.12,419.8,355,22.28,65.75,11,0.25,53.12,1,200,300,300,15.791,380
2026-09-02T17:34:59Z,62.16,420.3,355,26.80,65.95,11,0.21,57.87,1,200,300,300,7.705,389
2026-09-02T17:35:16Z,73.33,420.2,355,21.30,65.86,11,0.22,57.95,1,200,300,300,6.958,398
2026-09-02T17:35:32Z,69.00,420.4,354,27.61,65.91,11,0.20,57.97,1,200,300,300,7.873,407
2026-09-02T17:35:49Z,64.02,420.8,355,24.72,68.21,11,0.21,57.73,1,200,300,300,8.391,416
2026-09-02T17:36:05Z,4.90,419.9,155,6.84,66.06,11,0.22,57.71,1,200,300,300,8.391,416
2026-09-02T17:36:22Z,1.89,419.8,154,5.26,66.02,11,0.27,57.73,1,200,300,300,8.391,416
2026-09-02T17:36:39Z,0.64,419.9,155,6.75,66.05,11,0.21,57.98,1,200,300,300,8.391,416
2026-09-02T17:36:55Z,101.50,58.83,132,6.22,45.5,7,27.08,57.54,1,200,300,300,5.779,21
2026-09-02T17:37:12Z,99.97,157,350,15.58,60.22,11,0.10,58,1,220,330,330,7.269,51
2026-09-02T17:37:30Z,100.68,194.1,350,12.70,60.46,11,0.19,57.84,1,220,330,330,12.046,95
2026-09-02T17:37:48Z,101.07,223.7,350,15.20,60.67,11,0.19,57.82,1,220,330,330,8.277,136
2026-09-02T17:38:05Z,99.68,238.8,149,17.35,62.7,11,5.95,58.09,1,269,408,411,4.106,166
2026-09-02T17:38:22Z,100.28,276.8,350,24.08,64.18,11,0.23,57.77,1,280,420,420,7.854,243
2026-09-02T17:38:39Z,99.06,318,350,19.99,64.3,11,0.18,58.24,1,280,420,420,4.998,315
2026-09-02T17:38:56Z,83.70,399.7,349,25.48,64.35,11,0.19,58.26,1,280,420,420,11.367,334
2026-09-02T17:39:13Z,73.70,400.3,349,24.54,64.25,11,0.29,58.27,1,280,420,420,11.114,342
2026-09-02T17:39:30Z,65.65,400.2,349,23.11,64.39,11,0.19,58.17,1,280,420,420,8.021,350
2026-09-02T17:39:47Z,0.69,399.6,149,6.93,64.18,11,0.23,58.29,1,280,420,420,7.313,352
2026-09-02T17:40:03Z,55.83,405,350,30.11,67.25,11,0.19,58.09,1,340,510,510,9.441,358
2026-09-02T17:40:20Z,60.43,405,350,29.44,66.99,11,4.44,58.26,1,340,510,510,8.917,366
2026-09-02T17:40:37Z,63.53,405.1,350,31.55,67.35,11,0.23,58.27,1,340,510,510,9.149,374
2026-09-02T17:40:54Z,62.20,405,349,28.40,66.99,11,0.28,58.5,1,340,510,510,5.587,382
2026-09-02T17:41:11Z,64.43,405.1,349,24.68,67.1,11,0.17,58.26,1,340,510,510,8.334,391
2026-09-02T17:41:28Z,36.81,404.4,149,0.13,67.34,11,0.18,58.5,1,340,510,510,4.409,396
2026-09-02T17:41:45Z,56.87,405.3,150,27.81,68.33,11,0.19,58.55,1,400,600,600,10.375,399
2026-09-02T17:42:02Z,59.47,406.2,350,21.51,68.3,11,0.22,58.3,1,400,600,600,15.416,407
2026-09-02T17:42:18Z,65.35,406.2,350,27.78,67.96,11,0.21,58.36,1,400,600,600,5.893,415
2026-09-02T17:42:35Z,63.40,406.3,349,25.47,68.22,11,0.19,58.41,1,400,600,600,7.298,423
2026-09-02T17:42:52Z,60.16,406.1,349,25.01,68.13,11,0.19,58.32,1,400,600,600,4.995,431
2026-09-02T17:43:09Z,58.10,406,349,30.39,68.05,11,0.17,58.3,1,400,600,600,6.906,439
2026-09-02T17:43:25Z,0.58,405.1,149,6.24,67.89,11,0.22,58.2,1,400,600,600,9.605,440
2026-09-02T17:43:42Z,0.67,405.5,149,6.27,68.18,11,0.25,58.4,1,400,600,600,9.605,440
2026-09-02T17:43:59Z,4.87,405.7,149,5.44,67.98,11,0.43,58.41,1,400,600,600,9.605,440
2026-09-02T17:44:16Z,98.64,47.67,132,0.38,37.95,2,0.03,58.12,1,400,600,600,7.047,22
2026-09-02T17:44:33Z,8.55,124,155,0.06,54.34,11,0.28,58.14,1,400,600,600,5.999,24
2026-09-02T17:44:50Z,2.27,124.6,155,0.07,54.02,11,2.81,58.62,1,400,600,600,5.999,24
2026-09-02T17:45:07Z,36.90,128.4,155,0.03,37,1,0.02,58.16,1,400,600,600,27.363,16
2026-09-02T17:45:24Z,99.07,45.28,132,0.57,38.91,2,0.16,58.65,1,400,600,600,3.623,23
2026-09-02T17:45:42Z,104.70,76.8,140,2.96,53.17,11,0.18,58.41,1,400,600,600,90.890,25
2026-09-02T17:45:59Z,100.98,90.85,149,4.08,54.51,11,0.31,58.7,1,400,600,600,6.872,27
2026-09-02T17:46:15Z,100.12,116.2,156,7.09,54.69,11,0.20,58.73,1,400,600,600,2.977,26
2026-09-02T17:46:32Z,1.89,140.4,154,5.03,54.61,11,4.21,66.6,1,400,600,600,2.977,26
2026-09-02T17:46:49Z,1.28,140.8,155,3.81,54.57,11,0.22,60.01,1,400,600,600,5.025,27
2026-09-02T17:47:06Z,3.88,133.9,155,7.30,54.76,11,0.15,59.86,1,400,600,600,,0
2026-09-02T17:47:22Z,2.87,136.5,154,5.13,54.72,11,0.09,59.76,1,400,600,600,11.124,9
2026-09-02T17:47:40Z,1.82,131.6,154,0.00,37,1,0.02,59.76,1,400,600,600,9.259,19
2026-09-02T17:47:57Z,97.22,49.17,132,1.15,38.7,2,0.15,60.04,1,400,600,600,17.129,24
2026-09-02T17:48:14Z,1.95,143.2,155,4.49,54.73,11,0.33,60.29,1,400,600,600,4.311,27
2026-09-02T17:48:31Z,1.00,143.6,154,5.69,54.69,11,0.15,60.02,1,400,600,600,4.311,27
2026-09-02T17:48:47Z,6.02,144.2,155,6.28,54.7,11,,,,,,,,
2026-09-02T17:49:04Z,,,,,,,0.02,46.77,1,,,,,
2026-09-02T17:49:17Z,3.54,128.7,154,6.85,47.11,11,0.98,48.8,1,0,0,0,4.515,24
2026-09-02T17:49:33Z,12.25,121.7,155,8.23,48.18,11,2.15,49.16,1,1,2,0,4.358,27
2026-09-02T17:49:50Z,7.95,130.5,155,5.70,48.63,11,0.84,49.79,1,2,4,0,4.358,27
2026-09-02T17:50:07Z,1.08,131.8,154,4.18,51.39,11,0.38,50,1,3,6,0,4.358,27
2026-09-02T17:50:23Z,4.41,132.6,154,6.16,52.18,11,0.54,50.5,1,3,6,0,4.358,27
2026-09-02T17:50:40Z,10.42,132.6,155,6.13,52.11,11,0.25,50.57,1,3,6,0,4.358,27
2026-09-02T17:50:57Z,1.35,133.3,155,4.10,52.09,11,0.25,50.9,1,3,6,0,4.358,27
2026-09-02T17:51:13Z,2.18,134.5,155,5.92,52.28,11,0.35,51.09,1,3,6,0,4.789,28
2026-09-02T17:51:30Z,1.62,134.5,154,7.57,52.2,11,0.26,50.94,1,3,6,0,4.789,28
2026-09-02T17:51:46Z,1.87,134.9,155,5.70,52.33,11,0.26,51.24,1,3,6,0,4.789,28
2026-09-02T17:52:03Z,1.39,134.9,155,5.38,52.55,11,0.31,51.24,1,3,6,0,4.789,28
2026-09-02T17:52:20Z,0.92,135,154,6.08,52.05,11,0.28,51.52,1,3,6,0,4.789,28
2026-09-02T17:52:36Z,7.84,135.3,154,4.61,52.19,11,32.38,52.11,1,3,6,0,4.789,28
2026-09-02T17:52:53Z,1.27,135.8,155,5.23,52.22,11,0.28,51.1,1,3,6,0,4.789,28
2026-09-02T17:53:10Z,0.74,135.9,155,0.06,52.37,11,0.24,50.93,1,3,6,0,4.789,28
2026-09-02T17:53:26Z,2.72,140.3,164,3.29,54.29,11,0.38,51.65,1,23,36,30,3.506,30
2026-09-02T17:53:43Z,2.46,141,165,0.34,54.88,11,1.18,51.68,1,23,36,30,9.251,31
2026-09-02T17:54:00Z,0.84,144.1,164,0.20,55.11,11,0.69,51.72,1,23,36,30,9.251,31
2026-09-02T17:54:17Z,0.93,146.3,165,2.80,55.48,11,0.23,52.12,1,23,36,30,7.498,32
2026-09-02T17:54:33Z,0.70,146.7,165,0.13,55.99,11,3.71,55.4,1,23,36,30,7.498,32
2026-09-02T17:54:50Z,0.89,147.2,164,0.07,56.48,11,0.43,53.79,1,24,37,30,5.475,33
2026-09-02T17:55:07Z,0.67,147.2,165,0.33,56.25,11,0.24,57.92,1,24,37,30,5.475,33
2026-09-02T17:55:23Z,1.52,147.6,165,0.06,56.29,11,0.20,57.89,1,26,39,30,5.475,33
2026-09-02T17:55:40Z,88.94,162.7,155,18.36,60.53,12,0.72,58.06,1,226,339,330,7.608,48
2026-09-02T17:55:56Z,2.85,176.1,254,1.09,62.18,11,0.24,58.21,1,226,339,330,2.407,52
2026-09-02T17:56:13Z,0.99,176.5,254,13.96,62.34,11,0.25,58.58,1,226,339,330,2.884,55
2026-09-02T17:56:29Z,0.84,176.8,254,0.09,62.4,11,0.21,58.65,1,226,339,330,3.018,59
2026-09-02T17:56:45Z,13.02,173,255,0.23,62.94,11,5.97,58.58,1,226,339,330,2.934,63
2026-09-02T17:57:02Z,1.93,184.3,254,0.07,62.99,11,0.18,58.71,1,226,339,330,3.442,66
2026-09-02T17:57:19Z,0.93,173.7,254,1.16,62.87,11,0.23,59.11,1,226,339,330,2.092,69
2026-09-02T17:57:35Z,23.34,175,254,0.06,62.98,11,0.61,59.16,1,226,339,330,1.959,74
2026-09-02T17:57:52Z,3.89,174.3,254,0.82,63.04,11,0.21,59.39,1,226,339,330,3.495,78
2026-09-02T17:58:08Z,66.67,186.9,155,38.16,67.26,11,0.19,59.54,2,543,818,810,1.799,101
2026-09-02T17:58:25Z,86.99,190,156,29.14,69.05,11,0.93,60.12,2,981,1475,1467,1.975,136
2026-09-02T17:58:42Z,69.83,191.4,155,22.81,71.03,11,0.04,61.83,2,1484,2232,2226,5.612,181
2026-09-02T17:58:59Z,99.53,192.3,155,27.65,72.69,11,0.18,65.01,3,1890,2838,2832,1.730,222
2026-09-02T17:59:16Z,90.36,198.3,682,39.13,74.44,11,0.26,65.7,4,2226,3339,3330,3.001,275
2026-09-02T17:59:32Z,39.81,235.7,1155,54.75,74.94,11,0.11,66.93,5,2226,3339,3330,3.457,304
2026-09-02T17:59:49Z,39.59,238.5,1155,41.76,74.85,11,0.31,67.56,6,2226,3339,3330,7.312,334
2026-09-02T18:00:06Z,41.94,241.9,1154,40.76,74.85,11,0.25,68.65,7,2226,3339,3330,9.445,366
2026-09-02T18:00:22Z,38.59,241,1155,41.50,74.62,11,23.02,82.34,8,2226,3339,3330,1.320,397
2026-09-02T18:00:39Z,40.18,244.5,1155,41.09,75.01,11,0.27,74.07,9,2226,3339,3330,3.249,427
2026-09-02T18:00:55Z,39.68,246.9,1154,40.72,74.71,11,0.22,74.88,10,2226,3339,3330,8.211,457
2026-09-02T18:01:12Z,50.27,250.4,1155,37.84,74.96,11,30.62,75.73,11,2226,3339,3330,10.249,489
2026-09-02T18:01:29Z,88.76,274.4,728,33.68,74.81,11,0.20,76.81,12,2226,3339,3330,1.503,530
2026-09-02T18:01:45Z,27.79,282.6,154,36.39,75.1,11,0.12,77.98,13,2226,3339,3330,1.993,558
2026-09-02T18:02:02Z,25.58,283.9,155,38.44,75.07,11,0.10,79.01,13,2226,3339,3330,0.873,586
2026-09-02T18:02:19Z,29.94,284.2,155,29.54,75.05,11,1.12,80.17,15,2226,3339,3330,1.079,614
2026-09-02T18:02:35Z,27.73,284.6,155,38.21,75.07,11,1.83,81.16,15,2226,3339,3330,0.800,641
2026-09-02T18:02:52Z,26.58,285.7,154,39.15,74.93,11,0.09,82.09,16,2226,3339,3330,1.891,669
2026-09-02T18:03:09Z,27.88,287.6,155,41.63,75.28,11,0.70,84.68,17,2226,3339,3330,0.981,698
2026-09-02T18:03:25Z,27.14,288.9,155,38.42,75.77,11,30.66,55.76,18,2226,3339,3330,0.967,726
2026-09-02T18:03:42Z,29.76,290.9,155,37.00,75.8,11,0.27,58.43,19,2226,3339,3330,1.963,753
2026-09-02T18:03:58Z,31.53,293.2,154,35.49,75.63,11,0.01,59.09,20,2226,3339,3330,1.070,781
2026-09-02T18:04:15Z,28.89,293.4,155,41.11,75.82,11,1.90,60.84,21,2226,3339,3330,1.542,810
2026-09-02T18:04:32Z,30.18,294.7,155,37.29,75.59,12,0.01,61.72,22,2226,3339,3330,0.828,836
2026-09-02T18:04:48Z,25.65,295.9,155,37.04,77.55,11,0.01,61.94,23,2226,3339,3330,0.915,863
2026-09-02T18:05:05Z,26.90,297.7,154,39.88,78.93,11,0.04,63.24,24,2226,3339,3330,0.967,893
2026-09-02T18:05:22Z,30.48,299,154,40.99,75.6,11,0.02,64.59,25,2226,3339,3330,0.886,919
2026-09-02T18:05:38Z,26.55,300.2,155,41.70,75.75,11,0.01,65.31,26,2226,3339,3330,0.880,946
2026-09-02T18:05:55Z,25.03,301.7,155,40.32,75.76,11,0.03,66.43,27,2226,3339,3330,1.103,973
2026-09-02T18:06:11Z,27.55,303.2,155,41.96,75.8,11,1.49,67.74,28,2226,3339,3330,1.062,1002
2026-09-02T18:06:28Z,29.37,303.1,154,41.79,75.7,11,23.53,68.48,29,2226,3339,3330,0.703,1029
